{
  "custom": {},
  "params": {},
  "propConfig": {
    "params.feature": {
      "paramDirection": "input"
    },
    "params.key": {
      "paramDirection": "input"
    },
    "params.tier1": {
      "paramDirection": "input"
    },
    "params.tier2": {
      "paramDirection": "input"
    }
  },
  "props": {},
  "root": {
    "children": [
      {
        "meta": {
          "name": "Title"
        },
        "position": {
          "basis": "56px",
          "shrink": 0
        },
        "props": {
          "params": {
            "icon": "home",
            "text": "Home"
          },
          "path": "Page/Embedded/Title"
        },
        "type": "ia.display.view"
      },
      {
        "meta": {
          "hasDelegate": true,
          "name": "Spacer_1"
        },
        "position": {
          "basis": "12px",
          "shrink": 0
        },
        "type": "ia.display.label"
      },
      {
        "meta": {
          "hasDelegate": true,
          "name": "Welcome"
        },
        "position": {
          "basis": "20px",
          "shrink": 0
        },
        "props": {
          "style": {
            "classes": "Page/Bold Page/Margins Page/Text"
          },
          "text": "Welcome to CoLink\u0027s Capstone Project!"
        },
        "type": "ia.display.label"
      },
      {
        "meta": {
          "hasDelegate": true,
          "name": "Spacer_2"
        },
        "position": {
          "basis": "10px",
          "shrink": 0
        },
        "type": "ia.display.label"
      },
      {
        "meta": {
          "hasDelegate": true,
          "name": "Description"
        },
        "position": {
          "shrink": 0
        },
        "props": {
          "style": {
            "classes": "Page/Text Page/Margins"
          },
          "text": "Co-Link is a self-funded group that aims to design, manufacture, and commission a smart industrial manufacturing station. The system will be designed and built using components provided by the team’s members, the MSE department, as well as any custom-built parts. Disciplines that will be covered during this project include mechanical, electrical, and software design. A custom SCADA system will be designed to monitor and control the station remotely via a secure communication link."
        },
        "type": "ia.display.label"
      },
      {
        "meta": {
          "hasDelegate": true,
          "name": "Spacer_3"
        },
        "position": {
          "basis": "10px",
          "shrink": 0
        },
        "type": "ia.display.label"
      },
      {
        "meta": {
          "name": "CoLink Name"
        },
        "position": {
          "basis": "195px"
        },
        "props": {
          "fit": {
            "mode": "contain"
          },
          "source": "/system/images/CoLink Name.png"
        },
        "type": "ia.display.image"
      }
    ],
    "meta": {
      "name": "root"
    },
    "props": {
      "direction": "column",
      "style": {
        "classes": "Page/Page"
      }
    },
    "type": "ia.container.flex"
  }
}