{
  "custom": {},
  "params": {},
  "props": {
    "defaultSize": {
      "height": 1006,
      "width": 462
    }
  },
  "root": {
    "children": [
      {
        "meta": {
          "name": "Features"
        },
        "position": {
          "grow": 1,
          "shrink": 0
        },
        "propConfig": {
          "props.items[0].style.fontWeight": {
            "binding": {
              "config": {
                "path": "page.props.path"
              },
              "transforms": [
                {
                  "expression": "if ({value} \u003d {this.props.items[0].target}, \"bold\", \"normal\")",
                  "type": "expression"
                }
              ],
              "type": "property"
            }
          },
          "props.items[1].style.fontWeight": {
            "binding": {
              "config": {
                "path": "page.props.path"
              },
              "transforms": [
                {
                  "expression": "if ({value} \u003d {this.props.items[1].target}, \"bold\", \"normal\")",
                  "type": "expression"
                }
              ],
              "type": "property"
            }
          },
          "props.items[2].style.fontWeight": {
            "binding": {
              "config": {
                "path": "page.props.path"
              },
              "transforms": [
                {
                  "expression": "if ({value} \u003d {this.props.items[2].target}, \"bold\", \"normal\")",
                  "type": "expression"
                }
              ],
              "type": "property"
            }
          },
          "props.items[3].style.fontWeight": {
            "binding": {
              "config": {
                "path": "page.props.path"
              },
              "transforms": [
                {
                  "expression": "if ({value} \u003d {this.props.items[3].target}, \"bold\", \"normal\")",
                  "type": "expression"
                }
              ],
              "type": "property"
            }
          },
          "props.items[4].style.fontWeight": {
            "binding": {
              "config": {
                "path": "page.props.path"
              },
              "transforms": [
                {
                  "expression": "if ({value} \u003d {this.props.items[4].target}, \"bold\", \"normal\")",
                  "type": "expression"
                }
              ],
              "type": "property"
            }
          }
        },
        "props": {
          "backActionStyle": {
            "classes": "Menu/All_Header"
          },
          "backActionText": "All Features",
          "itemStyle": {
            "classes": "Menu/Item"
          },
          "items": [
            {
              "items": [],
              "label": {
                "icon": {
                  "path": "material/home"
                },
                "text": "Home"
              },
              "navIcon": {},
              "showHeader": false,
              "style": {
                "classes": ""
              },
              "target": "/"
            },
            {
              "items": [],
              "label": {
                "icon": {
                  "path": "material/show_chart"
                },
                "text": "Charts"
              },
              "navIcon": {},
              "showHeader": false,
              "style": {
                "classes": ""
              },
              "target": "/charts"
            },
            {
              "items": [],
              "label": {
                "icon": {
                  "path": "material/alarm"
                },
                "text": "Alarms"
              },
              "navIcon": {},
              "showHeader": false,
              "style": {
                "classes": ""
              },
              "target": "/alarms"
            },
            {
              "items": [],
              "label": {
                "icon": {
                  "path": "material/video_label"
                },
                "text": "HMI"
              },
              "navIcon": {},
              "showHeader": false,
              "style": {
                "classes": ""
              },
              "target": "/HMI"
            },
            {
              "enabled": true,
              "items": [],
              "label": {
                "icon": {
                  "path": "material/settings"
                },
                "text": "System"
              },
              "navIcon": {
                "color": "",
                "path": ""
              },
              "resetOnClick": false,
              "showHeader": false,
              "style": {
                "classes": ""
              },
              "target": "/system",
              "visible": true
            }
          ],
          "style": {
            "classes": "Menu/Menu"
          }
        },
        "type": "ia.navigation.menutree"
      },
      {
        "meta": {
          "name": "Logo"
        },
        "position": {
          "basis": "100px"
        },
        "props": {
          "fit": {
            "mode": "contain"
          },
          "source": "/system/images/Logo.png",
          "tint": {
            "color": "#EEEEEE"
          }
        },
        "type": "ia.display.image"
      }
    ],
    "meta": {
      "name": "root"
    },
    "props": {
      "direction": "column",
      "style": {
        "classes": "Menu/Menu"
      }
    },
    "type": "ia.container.flex"
  }
}