{
  "custom": {},
  "params": {},
  "props": {},
  "root": {
    "children": [
      {
        "meta": {
          "name": "LedDisplay"
        },
        "position": {
          "height": 0.04,
          "width": 0.2213,
          "x": 0.3006,
          "y": 0.3588
        },
        "propConfig": {
          "props.value": {
            "binding": {
              "config": {
                "fallbackDelay": 2.5,
                "mode": "direct",
                "tagPath": "[default]PLCS7-1500_TAGS/PLC IP ADDRESS.value"
              },
              "type": "tag"
            }
          }
        },
        "props": {
          "backgroundColor": "#000000",
          "diodeOffColor": "#000000",
          "diodeOnColor": "#00FFFF",
          "numberFormat": "#,##0",
          "segmentFormat": "7 segment"
        },
        "type": "ia.display.led-display"
      },
      {
        "meta": {
          "name": "Label"
        },
        "position": {
          "height": 0.04,
          "width": 0.185,
          "x": 0.3006,
          "y": 0.3013
        },
        "props": {
          "text": "PLC IP ADDRESS"
        },
        "type": "ia.display.label"
      },
      {
        "meta": {
          "name": "MultiStateButton_0"
        },
        "position": {
          "height": 0.15,
          "width": 0.3175,
          "x": 0.3006,
          "y": 0.4338
        },
        "propConfig": {
          "props.controlValue": {
            "binding": {
              "config": {
                "expression": "if({[default]PLCS7-1500_TAGS/PLCSTATUS.value}\u003dtrue,0,1)"
              },
              "type": "expr"
            }
          },
          "props.indicatorValue": {
            "binding": {
              "config": {
                "path": "this.props.controlValue"
              },
              "type": "property"
            }
          }
        },
        "props": {
          "buttonGap": 0,
          "states": [
            {
              "selectedStyle": {
                "backgroundColor": "#00FF00",
                "classes": ""
              },
              "text": "PLC Connected",
              "unselectedStyle": {
                "classes": ""
              },
              "value": 0
            },
            {
              "selectedStyle": {
                "backgroundColor": "#FF0000",
                "classes": ""
              },
              "text": "PLC Disconnected",
              "unselectedStyle": {
                "classes": ""
              },
              "value": 1
            }
          ]
        },
        "type": "ia.input.multi-state-button"
      }
    ],
    "meta": {
      "name": "root"
    },
    "props": {
      "mode": "percent"
    },
    "type": "ia.container.coord"
  }
}