{
  "custom": {},
  "params": {},
  "propConfig": {
    "params.feature": {
      "paramDirection": "input"
    },
    "params.key": {
      "paramDirection": "input"
    },
    "params.tier1": {
      "paramDirection": "input"
    },
    "params.tier2": {
      "paramDirection": "input"
    }
  },
  "props": {
    "defaultSize": {
      "width": 845
    }
  },
  "root": {
    "children": [
      {
        "meta": {
          "name": "Title"
        },
        "position": {
          "basis": "56px",
          "shrink": 0
        },
        "props": {
          "params": {
            "icon": "alarm",
            "text": "Alarms"
          },
          "path": "Page/Embedded/Title"
        },
        "type": "ia.display.view"
      },
      {
        "children": [
          {
            "meta": {
              "name": "AlarmStatusTable"
            },
            "propConfig": {
              "props.enableAcknowledge": {
                "binding": {
                  "config": {
                    "expression": "isAuthorized(false,\r\n\"Authenticated/Roles/Administrator\",\r\n\"Authenticated/Roles/Maintenance\",\r\n\"Authenticated/Roles/Operator\")"
                  },
                  "type": "expr"
                }
              },
              "props.enableShelve": {
                "binding": {
                  "config": {
                    "expression": "isAuthorized(false,\r\n\"Authenticated/Roles/Administrator\",\r\n\"Authenticated/Roles/Maintenance\",\r\n\"Authenticated/Roles/Operator\")"
                  },
                  "type": "expr"
                }
              },
              "props.enableUnshelve": {
                "binding": {
                  "config": {
                    "expression": "isAuthorized(false,\r\n\"Authenticated/Roles/Administrator\",\r\n\"Authenticated/Roles/Maintenance\",\r\n\"Authenticated/Roles/Operator\")"
                  },
                  "type": "expr"
                }
              }
            },
            "props": {
              "columns": {
                "active": {
                  "displayPath": {
                    "enabled": false,
                    "order": 6,
                    "width": 100
                  },
                  "name": {
                    "order": 1,
                    "width": 150
                  },
                  "priority": {
                    "width": 75
                  },
                  "source": {
                    "width": 150
                  },
                  "state": {
                    "width": 150
                  }
                }
              },
              "refreshRate": 1000,
              "rowStyles": {
                "activeAcked": {
                  "priorities": {
                    "critical": {
                      "backgroundColor": "#FF8A8A"
                    },
                    "high": {
                      "backgroundColor": "#FFCA8A"
                    },
                    "low": {
                      "backgroundColor": "#8AFFFF"
                    },
                    "medium": {
                      "backgroundColor": "#FFE37F"
                    }
                  }
                },
                "activeUnacked": {
                  "base": {
                    "color": "#FBFAFA"
                  },
                  "priorities": {
                    "critical": {
                      "backgroundColor": "#FF0000"
                    },
                    "high": {
                      "backgroundColor": "#FF8C00"
                    },
                    "low": {
                      "backgroundColor": "#00D9D9"
                    },
                    "medium": {
                      "backgroundColor": "#FFCA00"
                    }
                  }
                },
                "clearAcked": {
                  "priorities": {
                    "critical": {
                      "backgroundColor": "#8AFF8A"
                    },
                    "high": {
                      "backgroundColor": "#8AFF8A"
                    },
                    "low": {
                      "backgroundColor": "#8AFF8A"
                    },
                    "medium": {
                      "backgroundColor": "#8AFF8A"
                    }
                  }
                },
                "clearUnacked": {
                  "priorities": {
                    "critical": {
                      "backgroundColor": "#00FF00"
                    },
                    "high": {
                      "backgroundColor": "#00FF00"
                    },
                    "low": {
                      "backgroundColor": "#00FF00"
                    },
                    "medium": {
                      "backgroundColor": "#00FF00"
                    }
                  }
                }
              },
              "style": {
                "classes": "Page/Alarm/Alarm"
              }
            },
            "type": "ia.display.alarmstatustable"
          },
          {
            "meta": {
              "name": "AlarmJournalTable"
            },
            "position": {
              "tabIndex": 1
            },
            "props": {
              "refreshRate": 10000
            },
            "type": "ia.display.alarmjournaltable"
          }
        ],
        "meta": {
          "name": "TabContainer"
        },
        "position": {
          "basis": "300px",
          "grow": 1
        },
        "props": {
          "menuType": "modern",
          "tabSize": {
            "width": 150
          },
          "tabs": [
            "Current Alarms",
            "Alarm Journal"
          ]
        },
        "type": "ia.container.tab"
      }
    ],
    "meta": {
      "name": "root"
    },
    "props": {
      "alignContent": "flex-start",
      "direction": "column",
      "style": {
        "classes": "Page/Alarm/Page Page/Page"
      }
    },
    "type": "ia.container.flex"
  }
}